interval_width,step_size_h,approximation,exact_value,absolute_error,relative_error,execution_time_seconds,evaluation_count
0.25,0.125,0.032684500928360116,0.032684861474143886,3.605457837702053e-07,1.1030971756004638e-05,6.140336999990837e-06,3
0.5,0.25,0.13530868614792027,0.13531966151485889,1.0975366938614783e-05,8.110696417467483e-05,6.143312999995487e-06,3
1.0,0.5,0.5606531750863076,0.5609433758890325,0.0002902008027249048,0.0005173442012127676,6.018603499995834e-06,3
1.5,0.75,1.244727589028199,1.2462174746734072,0.0014898856452081333,0.0011955262026786967,6.055590499997266e-06,3
2.0,1.0,2.0667720057387187,2.0691039959314876,0.0023319901927689735,0.0011270531579632551,6.0641995000025875e-06,3
3.0,1.5,3.302316690348254,3.246897603597849,0.055419086750404745,0.01706831982905636,6.140844500009735e-06,3
4.0,2.0,2.7431459829480347,2.216854509647468,0.5262914733005668,0.2374046068473206,6.407647499997893e-06,3
6.0,3.0,-0.3019684167146388,-4.87688194320925,4.574913526494612,0.9380816636057573,6.621174499997551e-06,3
8.0,4.0,1.1402391584099405,5.390489608177264,4.250250449767323,0.7884720607418998,6.0717845000084484e-06,3
